<appian-plugin name="Machint Appian Connected System - Hello World" key="com.machint.appian.csp.helloworld">

  <plugin-info>
    <description>Machint Appian Connected System - Hello World</description>
    <vendor name="Machint Solutions" url="http://www.machint.com"/>
    <version>1.0.0.0</version>
    <application-version min="7.6.0.4"/>
  </plugin-info>

  <connected-system-template key="HelloWorldConnectedSystem" name="HelloWorldConnectedSystem"
                             class="com.mycorp.helloworld.templates.HelloWorldConnectedSystemTemplate">

    <integration-template key="HelloWorldIntegrationTemplate" name="HelloWorldIntegrationTemplate"
                          class="com.mycorp.helloworld.templates.HelloWorldIntegrationTemplate" />

  </connected-system-template>
</appian-plugin>
