<appian-plugin name="AWS S3 Bucket Management" key="com.appian.ps.aws.s3.cst">

  <plugin-info>
    <description>AWS S3 Bucket Management with multiple operations</description>
    <vendor name="Appian" url="http://www.appian.com"/>
    <version>1.0.4</version>
    <application-version min="19.3.0.0"/>
  </plugin-info>

  <connected-system-template key="AWSS3ConnectedSystemTemplate" name="AWSS3ConnectedSystemTemplate"
                             class="com.appian.ps.awsS3.templates.AWSS3ConnectedSystemTemplate">

    <integration-template key="AWSS3UploadFileIntegrationTemplate" name="AWSS3UploadFileIntegrationTemplate"
                          class="com.appian.ps.awsS3.templates.AWSS3UploadFileIntegrationTemplate" />

    <integration-template key="AWSS3UploadMultiFileIntegrationTemplate" name="AWSS3UploadMultiFileIntegrationTemplate"
                          class="com.appian.ps.awsS3.templates.AWSS3UploadMultiFileIntegrationTemplate" />

    <integration-template key="AWSS3CreateBucketIntegrationTemplate" name="AWSS3CreateBucketIntegrationTemplate"
                          class="com.appian.ps.awsS3.templates.AWSS3CreateBucketIntegrationTemplate" />

    <integration-template key="AWSS3ListBucketsIntegrationTemplate" name="AWSS3ListBucketsIntegrationTemplate"
                          class="com.appian.ps.awsS3.templates.AWSS3ListBucketsIntegrationTemplate" />

    <integration-template key="AWSS3ListObjectsIntegrationTemplate" name="AWSS3ListObjectsIntegrationTemplate"
                          class="com.appian.ps.awsS3.templates.AWSS3ListObjectsIntegrationTemplate" />

    <integration-template key="AWSS3DeleteBucketIntegrationTemplate" name="AWSS3DeleteBucketIntegrationTemplate"
                          class="com.appian.ps.awsS3.templates.AWSS3DeleteBucketIntegrationTemplate" />

    <integration-template key="AWSS3DeleteFileIntegrationTemplate" name="AWSS3DeleteFileIntegrationTemplate"
                          class="com.appian.ps.awsS3.templates.AWSS3DeleteFileIntegrationTemplate" />

    <integration-template key="AWSS3DownloadObjectIntegrationTemplate" name="AWSS3DownloadObjectIntegrationTemplate"
                          class="com.appian.ps.awsS3.templates.AWSS3DownloadObjectIntegrationTemplate" />
  </connected-system-template>
</appian-plugin>
