<appian-plugin name="Alfresco CMS" key="com.machint.appian.csp">

  <plugin-info>
    <description>Alfresco CMS with multiple operations</description>
    <vendor name="Machint Solutions" url="https://www.machint.com"/>
    <version>1.0.0</version>
    <application-version min="20.0.0.0"/>
  </plugin-info>

  <connected-system-template key="AlfrescoCMSConnectedSystemTemplate" name="AlfrescoCMSConnectedSystemTemplate"
                             class="com.machint.appian.csp.alfresco.cms.templates.AlfrescoCMSConnectedSystemTemplate">

    <integration-template key="AWSS3UploadFileIntegrationTemplate" name="AWSS3UploadFileIntegrationTemplate"
                          class="com.appian.ps.awsS3.templates.AWSS3UploadFileIntegrationTemplate" />
                          
  </connected-system-template>
</appian-plugin>
